timestamp,track_id,prev_shape,new_shape,note
2025-10-04T16:13:52,2,Rectangle_V,Uncertain,uncertain-flip
2025-10-04T16:13:52,1,Circle,Uncertain,uncertain-flip
2025-10-04T16:13:53,1,Circle,Uncertain,uncertain-flip
2025-10-04T16:13:54,2,Rectangle_V,,
2025-10-04T16:13:54,1,Circle,,
2025-10-04T16:13:55,2,Uncertain,Rectangle_V,uncertain-flip
2025-10-04T16:13:55,2,Uncertain,Rectangle_V,uncertain-flip
2025-10-04T16:13:55,2,Uncertain,Rectangle_V,uncertain-flip
2025-10-04T16:13:55,2,Uncertain,Rectangle_V,uncertain-flip
2025-10-04T16:13:55,2,Uncertain,Rectangle_V,uncertain-flip
2025-10-04T16:13:56,2,Uncertain,Rectangle_V,uncertain-flip
2025-10-04T16:13:56,2,Uncertain,Rectangle_V,uncertain-flip
2025-10-04T16:13:56,2,Uncertain,Rectangle_V,uncertain-flip
2025-10-04T16:13:56,2,Uncertain,Rectangle_V,uncertain-flip
2025-10-04T16:13:56,2,Uncertain,Rectangle_V,uncertain-flip
2025-10-04T16:13:56,2,Uncertain,,uncertain-flip
2025-10-04T16:13:56,2,Rectangle_V,Uncertain,uncertain-flip
2025-10-04T16:13:56,2,Rectangle_V,Uncertain,uncertain-flip
2025-10-04T16:13:56,2,Rectangle_V,Uncertain,uncertain-flip
2025-10-04T16:13:58,2,Rectangle_V,,
2025-10-04T16:14:08,3,Uncertain,Rectangle_H,uncertain-flip
2025-10-04T16:14:08,3,Uncertain,Rectangle_H,uncertain-flip
2025-10-04T16:14:09,3,Uncertain,Rectangle_H,uncertain-flip
2025-10-04T16:14:09,3,Uncertain,Rectangle_H,uncertain-flip
2025-10-04T16:14:09,3,Uncertain,Rectangle_H,uncertain-flip
2025-10-04T16:14:09,3,Uncertain,Rectangle_H,uncertain-flip
2025-10-04T16:14:09,3,Uncertain,Rectangle_H,uncertain-flip
2025-10-04T16:14:09,3,Uncertain,Rectangle_H,uncertain-flip
2025-10-04T16:14:09,3,Uncertain,Rectangle_H,uncertain-flip
2025-10-04T16:14:09,3,Uncertain,Rectangle_H,uncertain-flip
2025-10-04T16:14:09,3,Uncertain,Rectangle_H,uncertain-flip
2025-10-04T16:14:10,3,Rectangle_H,,
2025-10-04T16:14:11,3,Uncertain,Rectangle_H,uncertain-flip
2025-10-04T16:14:11,3,Uncertain,Rectangle_H,uncertain-flip
2025-10-04T16:14:11,3,Uncertain,Rectangle_H,uncertain-flip
2025-10-04T16:14:11,3,Uncertain,Rectangle_H,uncertain-flip
2025-10-04T16:14:11,3,Uncertain,Rectangle_H,uncertain-flip
2025-10-04T16:14:11,3,Uncertain,Rectangle_H,uncertain-flip
2025-10-04T16:14:12,3,Rectangle_H,,
2025-10-04T16:14:14,2,Uncertain,Rectangle_V,uncertain-flip
2025-10-04T16:14:14,1,Uncertain,Circle,uncertain-flip
2025-10-04T16:14:14,2,Uncertain,Rectangle_V,uncertain-flip
2025-10-04T16:14:15,2,Uncertain,Rectangle_V,uncertain-flip
2025-10-04T16:14:15,2,Uncertain,Rectangle_V,uncertain-flip
2025-10-04T16:14:15,2,Uncertain,Rectangle_V,uncertain-flip
2025-10-04T16:14:15,2,Uncertain,Rectangle_V,uncertain-flip
2025-10-04T16:14:16,2,Rectangle_V,,
2025-10-04T16:14:17,2,Uncertain,Rectangle_V,uncertain-flip
2025-10-04T16:14:19,3,Uncertain,Rectangle_H,uncertain-flip
2025-10-04T16:14:19,1,Uncertain,Circle,uncertain-flip
2025-10-04T16:14:19,2,Uncertain,Rectangle_V,uncertain-flip
2025-10-04T16:14:19,1,Uncertain,Circle,uncertain-flip
2025-10-04T16:14:19,2,Uncertain,Rectangle_V,uncertain-flip
2025-10-04T16:14:19,2,Uncertain,Rectangle_V,uncertain-flip
2025-10-04T16:14:19,2,Uncertain,Rectangle_V,uncertain-flip
2025-10-04T16:14:19,2,Uncertain,Rectangle_V,uncertain-flip
2025-10-04T16:14:20,3,Uncertain,Rectangle_H,uncertain-flip
2025-10-04T16:14:20,3,Uncertain,Rectangle_H,uncertain-flip
2025-10-04T16:14:20,3,Uncertain,Rectangle_H,uncertain-flip
2025-10-04T16:14:20,3,Uncertain,Rectangle_H,uncertain-flip
2025-10-04T16:14:20,3,Uncertain,Rectangle_H,uncertain-flip
2025-10-04T16:14:20,2,Uncertain,Rectangle_V,uncertain-flip
2025-10-04T16:14:20,2,Uncertain,Rectangle_V,uncertain-flip
2025-10-04T16:14:20,3,Uncertain,Rectangle_H,uncertain-flip
2025-10-04T16:14:20,1,Circle,,
2025-10-04T16:14:20,2,Rectangle_V,,
2025-10-04T16:14:20,3,Uncertain,Rectangle_H,uncertain-flip
2025-10-04T16:14:22,3,Uncertain,Rectangle_H,uncertain-flip
2025-10-04T16:14:22,3,Uncertain,Rectangle_H,uncertain-flip
2025-10-04T16:14:22,2,Uncertain,Rectangle_V,uncertain-flip
2025-10-04T16:14:22,3,Rectangle_H,,
2025-10-04T16:14:22,2,Uncertain,Rectangle_V,uncertain-flip
2025-10-04T16:14:23,2,Uncertain,Rectangle_V,uncertain-flip
2025-10-04T16:14:23,2,Uncertain,Rectangle_V,uncertain-flip
2025-10-04T16:14:23,3,Uncertain,Rectangle_H,uncertain-flip
2025-10-04T16:14:23,3,Uncertain,Rectangle_H,uncertain-flip
2025-10-04T16:14:23,3,Uncertain,Rectangle_H,uncertain-flip
2025-10-04T16:14:23,3,Uncertain,Rectangle_H,uncertain-flip
2025-10-04T16:14:23,3,Uncertain,Rectangle_H,uncertain-flip
2025-10-04T16:14:23,2,Uncertain,Rectangle_V,uncertain-flip
2025-10-04T16:14:23,3,Uncertain,Rectangle_H,uncertain-flip
2025-10-04T16:14:24,3,Uncertain,Rectangle_H,uncertain-flip
2025-10-04T16:14:24,2,Rectangle_V,,
2025-10-04T16:14:24,2,Uncertain,Rectangle_V,uncertain-flip
2025-10-04T16:14:24,3,Rectangle_H,,
2025-10-04T16:14:25,2,Uncertain,Rectangle_V,uncertain-flip
2025-10-04T16:14:26,2,Uncertain,Rectangle_V,uncertain-flip
2025-10-04T16:14:26,2,Uncertain,Rectangle_V,uncertain-flip
2025-10-04T16:14:26,2,Uncertain,Rectangle_V,uncertain-flip
2025-10-04T16:14:27,2,Uncertain,Rectangle_V,uncertain-flip
2025-10-04T16:14:27,3,Uncertain,Rectangle_H,uncertain-flip
2025-10-04T16:14:28,2,Rectangle_V,,
2025-10-04T16:14:29,2,Uncertain,Rectangle_V,uncertain-flip
2025-10-04T16:14:29,2,Uncertain,Rectangle_V,uncertain-flip
2025-10-04T16:14:29,2,Uncertain,Rectangle_V,uncertain-flip
2025-10-04T16:14:29,3,Uncertain,Rectangle_H,uncertain-flip
2025-10-04T16:14:29,3,Uncertain,Rectangle_H,uncertain-flip
2025-10-04T16:14:29,3,Uncertain,Rectangle_H,uncertain-flip
2025-10-04T16:14:29,2,Uncertain,Rectangle_V,uncertain-flip
2025-10-04T16:14:29,3,Uncertain,Rectangle_H,uncertain-flip
2025-10-04T16:14:29,2,Uncertain,Rectangle_V,uncertain-flip
2025-10-04T16:14:30,2,Uncertain,Rectangle_V,uncertain-flip
2025-10-04T16:14:30,2,Uncertain,Rectangle_V,uncertain-flip
2025-10-04T16:14:30,2,Uncertain,Rectangle_V,uncertain-flip
2025-10-04T16:14:30,2,Uncertain,,uncertain-flip
2025-10-04T16:14:30,2,Rectangle_V,Uncertain,uncertain-flip
2025-10-04T16:14:30,3,Uncertain,Rectangle_H,uncertain-flip
2025-10-04T16:14:30,2,Uncertain,Rectangle_V,uncertain-flip
2025-10-04T16:14:30,3,Uncertain,Rectangle_H,uncertain-flip
2025-10-04T16:14:30,3,Rectangle_H,,
2025-10-04T16:14:30,3,Uncertain,Rectangle_H,uncertain-flip
2025-10-04T16:14:31,2,Uncertain,,uncertain-flip
2025-10-04T16:14:32,2,Uncertain,Rectangle_V,uncertain-flip
2025-10-04T16:14:32,2,Uncertain,Rectangle_V,uncertain-flip
2025-10-04T16:14:32,2,Uncertain,Rectangle_V,uncertain-flip
2025-10-04T16:14:32,3,Rectangle_H,,
2025-10-04T16:14:32,2,Uncertain,Rectangle_V,uncertain-flip
2025-10-04T16:14:32,2,Uncertain,Rectangle_V,uncertain-flip
2025-10-04T16:14:33,2,Uncertain,Rectangle_V,uncertain-flip
2025-10-04T16:14:33,2,Rectangle_V,,
2025-10-04T16:14:33,2,Uncertain,Rectangle_V,uncertain-flip
2025-10-04T16:14:34,3,Uncertain,Rectangle_H,uncertain-flip
2025-10-04T16:14:34,3,Uncertain,Rectangle_H,uncertain-flip
2025-10-04T16:14:35,3,Uncertain,Rectangle_H,uncertain-flip
2025-10-04T16:14:35,2,Uncertain,Rectangle_V,uncertain-flip
2025-10-04T16:14:35,3,Uncertain,Rectangle_H,uncertain-flip
2025-10-04T16:14:35,3,Uncertain,Rectangle_H,uncertain-flip
2025-10-04T16:14:35,3,Uncertain,Rectangle_H,uncertain-flip
2025-10-04T16:14:35,2,Uncertain,Rectangle_V,uncertain-flip
2025-10-04T16:14:36,3,Rectangle_H,,
2025-10-04T16:14:36,3,Uncertain,Rectangle_H,uncertain-flip
2025-10-04T16:14:36,2,Uncertain,Rectangle_V,uncertain-flip
2025-10-04T16:14:36,2,Rectangle_V,,
2025-10-04T16:14:36,2,Uncertain,Rectangle_V,uncertain-flip
2025-10-04T16:14:38,2,Rectangle_V,,
2025-10-04T16:14:39,3,Uncertain,Rectangle_H,uncertain-flip
2025-10-04T16:14:39,2,Uncertain,Rectangle_V,uncertain-flip
2025-10-04T16:14:39,2,Uncertain,Rectangle_V,uncertain-flip
2025-10-04T16:14:41,2,Rectangle_V,,
2025-10-04T16:14:42,3,Uncertain,Rectangle_H,uncertain-flip
2025-10-04T16:14:42,2,Uncertain,Rectangle_V,uncertain-flip
2025-10-04T16:14:45,2,Uncertain,Rectangle_V,uncertain-flip
2025-10-04T16:14:47,2,Uncertain,Rectangle_V,uncertain-flip
2025-10-04T16:14:48,2,Uncertain,Rectangle_V,uncertain-flip
2025-10-04T16:14:49,2,Uncertain,Rectangle_V,uncertain-flip
2025-10-04T16:14:49,2,Rectangle_V,,
2025-10-04T16:14:49,2,Uncertain,Rectangle_V,uncertain-flip
2025-10-04T16:14:49,2,Uncertain,Rectangle_V,uncertain-flip
2025-10-04T16:14:49,2,Uncertain,Rectangle_V,uncertain-flip
2025-10-04T16:14:49,2,Uncertain,Rectangle_V,uncertain-flip
2025-10-04T16:14:49,2,Uncertain,Rectangle_V,uncertain-flip
2025-10-04T16:14:49,2,Uncertain,Rectangle_V,uncertain-flip
2025-10-04T16:14:49,2,Uncertain,Rectangle_V,uncertain-flip
2025-10-04T16:14:49,2,Uncertain,Rectangle_V,uncertain-flip
2025-10-04T16:14:50,2,Rectangle_V,,
2025-10-04T16:14:51,2,Uncertain,Rectangle_V,uncertain-flip
2025-10-04T16:14:51,2,Uncertain,Rectangle_V,uncertain-flip
2025-10-04T16:14:52,2,Uncertain,Rectangle_V,uncertain-flip
2025-10-04T16:14:52,2,Uncertain,Rectangle_V,uncertain-flip
2025-10-04T16:14:52,2,Rectangle_V,,
2025-10-04T16:14:53,1,Uncertain,Circle,uncertain-flip
2025-10-04T16:14:54,2,Rectangle_V,,
2025-10-04T16:14:55,2,Uncertain,Rectangle_V,uncertain-flip
2025-10-04T16:14:58,2,Uncertain,Rectangle_V,uncertain-flip
2025-10-04T16:14:59,2,Uncertain,Rectangle_V,uncertain-flip
2025-10-04T16:14:59,3,Uncertain,Rectangle_H,uncertain-flip
2025-10-04T16:14:59,3,Uncertain,Rectangle_H,uncertain-flip
2025-10-04T16:15:00,3,Uncertain,Rectangle_H,uncertain-flip
2025-10-04T16:15:00,3,Uncertain,Rectangle_H,uncertain-flip
2025-10-04T16:15:00,3,Uncertain,Rectangle_H,uncertain-flip
2025-10-04T16:15:00,3,Uncertain,Rectangle_H,uncertain-flip
2025-10-04T16:15:01,3,Uncertain,Rectangle_H,uncertain-flip
2025-10-04T16:15:01,3,Uncertain,Rectangle_H,uncertain-flip
2025-10-04T16:15:01,3,Rectangle_H,,
2025-10-04T16:15:01,3,Uncertain,Rectangle_H,uncertain-flip
2025-10-04T16:15:01,3,Rectangle_H,Uncertain,uncertain-flip
2025-10-04T16:15:01,3,Rectangle_H,Uncertain,uncertain-flip
2025-10-04T16:15:01,3,Rectangle_H,Uncertain,uncertain-flip
2025-10-04T16:15:03,5,Uncertain,Rectangle_V,uncertain-flip
2025-10-04T16:15:03,3,Rectangle_H,,
2025-10-04T16:15:04,5,Uncertain,Rectangle_V,uncertain-flip
2025-10-04T16:15:04,5,Uncertain,Rectangle_V,uncertain-flip
2025-10-04T16:15:04,5,Uncertain,Rectangle_V,uncertain-flip
2025-10-04T16:15:04,5,Uncertain,Rectangle_V,uncertain-flip
2025-10-04T16:15:04,5,Uncertain,,uncertain-flip
2025-10-04T16:15:04,5,Rectangle_V,Uncertain,uncertain-flip
2025-10-04T16:15:05,5,Rectangle_V,Uncertain,uncertain-flip
2025-10-04T16:15:05,5,Rectangle_V,Uncertain,uncertain-flip
2025-10-04T16:15:05,5,Uncertain,Rectangle_V,uncertain-flip
2025-10-04T16:15:06,5,Rectangle_V,,
2025-10-04T16:15:07,5,Uncertain,Rectangle_V,uncertain-flip
2025-10-04T16:15:07,5,Uncertain,Rectangle_V,uncertain-flip
2025-10-04T16:15:08,5,Uncertain,Rectangle_V,uncertain-flip
2025-10-04T16:15:09,5,Rectangle_V,,
2025-10-04T16:15:09,5,Uncertain,Rectangle_V,uncertain-flip
2025-10-04T16:15:09,5,Uncertain,Rectangle_V,uncertain-flip
2025-10-04T16:15:10,5,Rectangle_V,,
2025-10-04T16:15:10,5,Uncertain,Rectangle_V,uncertain-flip
2025-10-04T16:15:10,5,Uncertain,Rectangle_V,uncertain-flip
2025-10-04T16:15:11,5,Uncertain,Rectangle_V,uncertain-flip
2025-10-04T16:15:11,5,Uncertain,Rectangle_V,uncertain-flip
2025-10-04T16:15:11,5,Uncertain,Rectangle_V,uncertain-flip
2025-10-04T16:15:12,5,Uncertain,Rectangle_V,uncertain-flip
2025-10-04T16:15:12,5,Uncertain,,uncertain-flip
2025-10-04T16:15:12,5,Rectangle_V,Uncertain,uncertain-flip
2025-10-04T16:15:12,5,Rectangle_V,Uncertain,uncertain-flip
2025-10-04T16:15:12,5,Rectangle_V,Uncertain,uncertain-flip
2025-10-04T16:15:13,4,Uncertain,Circle,uncertain-flip
2025-10-04T16:15:13,5,Uncertain,Rectangle_V,uncertain-flip
2025-10-04T16:15:13,4,Uncertain,Circle,uncertain-flip
2025-10-04T16:15:13,5,Rectangle_V,Uncertain,uncertain-flip
2025-10-04T16:15:13,5,Uncertain,Rectangle_V,uncertain-flip
2025-10-04T16:15:13,5,Uncertain,Rectangle_V,uncertain-flip
2025-10-04T16:15:13,4,Uncertain,Circle,uncertain-flip
2025-10-04T16:15:13,5,Uncertain,Rectangle_V,uncertain-flip
2025-10-04T16:15:14,4,Uncertain,Circle,uncertain-flip
2025-10-04T16:15:14,4,Uncertain,Circle,uncertain-flip
2025-10-04T16:15:14,4,Uncertain,Circle,uncertain-flip
2025-10-04T16:15:14,4,Uncertain,,uncertain-flip
2025-10-04T16:15:14,5,Uncertain,Rectangle_V,uncertain-flip
2025-10-04T16:15:14,5,Uncertain,Rectangle_V,uncertain-flip
2025-10-04T16:15:14,5,Square,Rectangle_V,
2025-10-04T16:15:14,5,Uncertain,Rectangle_V,uncertain-flip
2025-10-04T16:15:15,5,Uncertain,Rectangle_V,uncertain-flip
2025-10-04T16:15:15,3,Uncertain,Rectangle_H,uncertain-flip
2025-10-04T16:15:15,3,Uncertain,Rectangle_H,uncertain-flip
2025-10-04T16:15:15,5,Uncertain,Rectangle_V,uncertain-flip
2025-10-04T16:15:15,5,Uncertain,Rectangle_V,uncertain-flip
2025-10-04T16:15:15,3,Uncertain,Rectangle_H,uncertain-flip
2025-10-04T16:15:15,5,Uncertain,,uncertain-flip
2025-10-04T16:15:15,3,Uncertain,Rectangle_H,uncertain-flip
2025-10-04T16:15:16,3,Uncertain,Rectangle_H,uncertain-flip
2025-10-04T16:15:16,3,Uncertain,Rectangle_H,uncertain-flip
2025-10-04T16:15:16,5,Circle,Uncertain,uncertain-flip
2025-10-04T16:15:16,3,Rectangle_H,,
2025-10-04T16:15:17,3,Uncertain,Rectangle_H,uncertain-flip
2025-10-04T16:15:18,3,Uncertain,Rectangle_H,uncertain-flip
2025-10-04T16:15:18,3,Uncertain,Rectangle_H,uncertain-flip
2025-10-04T16:15:18,5,Circle,Uncertain,uncertain-flip
2025-10-04T16:15:19,5,Circle,Uncertain,uncertain-flip
2025-10-04T16:15:19,5,Circle,Uncertain,uncertain-flip
2025-10-04T16:15:19,5,Uncertain,Circle,uncertain-flip
2025-10-04T16:15:19,3,Rectangle_H,,
2025-10-04T16:15:19,5,Uncertain,Circle,uncertain-flip
2025-10-04T16:15:19,5,Uncertain,Circle,uncertain-flip
2025-10-04T16:15:19,5,Uncertain,Circle,uncertain-flip
2025-10-04T16:15:19,5,Uncertain,Circle,uncertain-flip
2025-10-04T16:15:19,5,Uncertain,Circle,uncertain-flip
2025-10-04T16:15:20,5,Uncertain,Circle,uncertain-flip
2025-10-04T16:15:20,5,Uncertain,Circle,uncertain-flip
2025-10-04T16:15:20,5,Uncertain,Circle,uncertain-flip
2025-10-04T16:15:20,5,Circle,,
2025-10-04T16:15:20,5,Uncertain,Circle,uncertain-flip
2025-10-04T16:15:20,5,Uncertain,Circle,uncertain-flip
2025-10-04T16:15:20,5,Uncertain,Circle,uncertain-flip
2025-10-04T16:15:21,5,Uncertain,Circle,uncertain-flip
2025-10-04T16:15:21,5,Uncertain,Circle,uncertain-flip
2025-10-04T16:15:21,5,Uncertain,Circle,uncertain-flip
2025-10-04T16:15:21,5,Uncertain,Circle,uncertain-flip
2025-10-04T16:15:22,5,Circle,,
2025-10-04T16:15:22,5,Uncertain,Circle,uncertain-flip
2025-10-04T16:15:22,6,Uncertain,Rectangle_V,uncertain-flip
2025-10-04T16:15:24,5,Uncertain,Circle,uncertain-flip
2025-10-04T16:15:24,5,Uncertain,Circle,uncertain-flip
2025-10-04T16:15:24,5,Uncertain,Circle,uncertain-flip
2025-10-04T16:15:24,5,Uncertain,Circle,uncertain-flip
2025-10-04T16:15:25,5,Uncertain,Circle,uncertain-flip
2025-10-04T16:15:25,5,Uncertain,Circle,uncertain-flip
2025-10-04T16:15:26,6,Uncertain,Rectangle_V,uncertain-flip
2025-10-04T16:15:27,6,Uncertain,Rectangle_V,uncertain-flip
2025-10-04T16:15:30,6,Uncertain,Rectangle_V,uncertain-flip
2025-10-04T16:15:30,6,Uncertain,Rectangle_V,uncertain-flip
2025-10-04T16:15:30,6,Uncertain,Rectangle_V,uncertain-flip
2025-10-04T16:15:30,6,Uncertain,Rectangle_V,uncertain-flip
2025-10-04T16:15:30,6,Uncertain,Rectangle_V,uncertain-flip
2025-10-04T16:15:30,6,Uncertain,Rectangle_V,uncertain-flip
2025-10-04T16:15:30,6,Uncertain,Rectangle_V,uncertain-flip
2025-10-04T16:15:31,6,Uncertain,Rectangle_V,uncertain-flip
2025-10-04T16:15:31,6,Uncertain,Rectangle_V,uncertain-flip
2025-10-04T16:15:31,6,Uncertain,Rectangle_V,uncertain-flip
2025-10-04T16:15:31,6,Rectangle_V,,
2025-10-04T16:15:31,6,Uncertain,Rectangle_V,uncertain-flip
2025-10-04T16:15:32,6,Uncertain,Rectangle_V,uncertain-flip
2025-10-04T16:15:32,6,Uncertain,Rectangle_V,uncertain-flip
2025-10-04T16:15:32,6,Uncertain,Rectangle_V,uncertain-flip
2025-10-04T16:15:32,6,Uncertain,Rectangle_V,uncertain-flip
2025-10-04T16:15:32,6,Uncertain,Rectangle_V,uncertain-flip
2025-10-04T16:15:32,6,Uncertain,Rectangle_V,uncertain-flip
2025-10-04T16:15:32,6,Uncertain,Rectangle_V,uncertain-flip
2025-10-04T16:15:33,6,Uncertain,Rectangle_V,uncertain-flip
2025-10-04T16:15:33,6,Uncertain,Rectangle_V,uncertain-flip
2025-10-04T16:15:33,6,Uncertain,Rectangle_V,uncertain-flip
2025-10-04T16:15:33,6,Uncertain,Rectangle_V,uncertain-flip
2025-10-04T16:15:33,6,Uncertain,,uncertain-flip
2025-10-04T16:15:33,6,Rectangle_V,Uncertain,uncertain-flip
2025-10-04T16:15:33,6,Rectangle_V,Uncertain,uncertain-flip
2025-10-04T16:15:33,6,Rectangle_V,Uncertain,uncertain-flip
2025-10-04T16:15:33,6,Uncertain,Rectangle_V,uncertain-flip
2025-10-04T16:15:33,6,Uncertain,Rectangle_V,uncertain-flip
2025-10-04T16:15:34,6,Uncertain,Rectangle_V,uncertain-flip
2025-10-04T16:15:34,6,Uncertain,Rectangle_V,uncertain-flip
2025-10-04T16:15:34,6,Uncertain,Rectangle_V,uncertain-flip
2025-10-04T16:15:34,6,Uncertain,Rectangle_V,uncertain-flip
2025-10-04T16:15:34,6,Uncertain,Rectangle_V,uncertain-flip
2025-10-04T16:15:34,6,Uncertain,Rectangle_V,uncertain-flip
2025-10-04T16:15:34,6,Rectangle_V,,
2025-10-04T16:15:35,3,Uncertain,Rectangle_H,uncertain-flip
2025-10-04T16:15:35,3,Uncertain,Rectangle_H,uncertain-flip
2025-10-04T16:15:35,3,Uncertain,Rectangle_H,uncertain-flip
2025-10-04T16:15:35,6,Uncertain,Rectangle_V,uncertain-flip
2025-10-04T16:15:35,3,Uncertain,Rectangle_H,uncertain-flip
2025-10-04T16:15:35,6,Uncertain,Rectangle_V,uncertain-flip
2025-10-04T16:15:35,3,Uncertain,Rectangle_H,uncertain-flip
2025-10-04T16:15:35,6,Uncertain,Rectangle_V,uncertain-flip
2025-10-04T16:15:35,6,Uncertain,Rectangle_V,uncertain-flip
2025-10-04T16:15:35,6,Uncertain,Rectangle_V,uncertain-flip
2025-10-04T16:15:35,6,Uncertain,Rectangle_V,uncertain-flip
2025-10-04T16:15:35,6,Uncertain,Rectangle_V,uncertain-flip
2025-10-04T16:15:35,6,Uncertain,Rectangle_V,uncertain-flip
2025-10-04T16:15:36,6,Uncertain,Rectangle_V,uncertain-flip
2025-10-04T16:15:36,6,Uncertain,Rectangle_V,uncertain-flip
2025-10-04T16:15:36,6,Uncertain,Rectangle_V,uncertain-flip
2025-10-04T16:15:36,6,Uncertain,Rectangle_V,uncertain-flip
2025-10-04T16:15:36,6,Rectangle_V,,
2025-10-04T16:15:36,3,Rectangle_H,,
2025-10-04T16:15:37,3,Square,Rectangle_H,
2025-10-04T16:15:37,3,Uncertain,Rectangle_H,uncertain-flip
2025-10-04T16:15:38,6,Rectangle_V,Uncertain,uncertain-flip
2025-10-04T16:15:38,6,Rectangle_V,Uncertain,uncertain-flip
2025-10-04T16:15:38,6,Rectangle_V,Uncertain,uncertain-flip
2025-10-04T16:15:38,6,Uncertain,Rectangle_V,uncertain-flip
2025-10-04T16:15:38,6,Uncertain,Rectangle_V,uncertain-flip
2025-10-04T16:15:39,6,Uncertain,Rectangle_V,uncertain-flip
2025-10-04T16:15:39,6,Uncertain,Rectangle_V,uncertain-flip
2025-10-04T16:15:39,6,Uncertain,Rectangle_V,uncertain-flip
2025-10-04T16:15:39,3,Uncertain,Rectangle_H,uncertain-flip
2025-10-04T16:15:39,3,Uncertain,Rectangle_H,uncertain-flip
2025-10-04T16:15:39,6,Rectangle_V,,
2025-10-04T16:15:40,6,Uncertain,Rectangle_V,uncertain-flip
2025-10-04T16:15:40,3,Uncertain,Rectangle_H,uncertain-flip
2025-10-04T16:15:40,6,Uncertain,Rectangle_V,uncertain-flip
2025-10-04T16:15:40,6,Uncertain,Rectangle_V,uncertain-flip
2025-10-04T16:15:40,6,Uncertain,Rectangle_V,uncertain-flip
2025-10-04T16:15:40,6,Uncertain,Rectangle_V,uncertain-flip
2025-10-04T16:15:40,6,Uncertain,Rectangle_V,uncertain-flip
2025-10-04T16:15:40,6,Uncertain,Rectangle_V,uncertain-flip
2025-10-04T16:15:41,6,Uncertain,Rectangle_V,uncertain-flip
2025-10-04T16:15:41,6,Uncertain,Rectangle_V,uncertain-flip
2025-10-04T16:15:41,3,Rectangle_H,,
2025-10-04T16:15:41,6,Uncertain,Rectangle_V,uncertain-flip
2025-10-04T16:15:41,6,Uncertain,Rectangle_V,uncertain-flip
2025-10-04T16:15:41,6,Rectangle_V,,
2025-10-04T16:15:42,6,Uncertain,Rectangle_V,uncertain-flip
2025-10-04T16:15:44,6,Uncertain,Rectangle_V,uncertain-flip
2025-10-04T16:15:44,6,Uncertain,Rectangle_V,uncertain-flip
2025-10-04T16:15:45,6,Rectangle_V,,
2025-10-04T16:15:48,6,Uncertain,Rectangle_V,uncertain-flip
2025-10-04T16:15:51,6,Uncertain,Rectangle_V,uncertain-flip
2025-10-04T16:15:52,6,Uncertain,Rectangle_V,uncertain-flip
2025-10-04T16:15:52,6,Uncertain,Rectangle_V,uncertain-flip
2025-10-04T16:15:53,6,Uncertain,Rectangle_V,uncertain-flip
2025-10-04T16:15:53,6,Uncertain,Rectangle_V,uncertain-flip
2025-10-04T16:15:53,6,Uncertain,Rectangle_V,uncertain-flip
2025-10-04T16:15:53,6,Rectangle_V,,
2025-10-04T16:15:53,6,Rectangle_V,Uncertain,uncertain-flip
2025-10-04T16:15:54,6,Uncertain,Rectangle_V,uncertain-flip
2025-10-04T16:15:54,6,Uncertain,Rectangle_V,uncertain-flip
2025-10-04T16:15:55,6,Rectangle_V,,
2025-10-04T16:15:55,3,Square,Rectangle_H,
2025-10-04T16:15:55,3,Rectangle_V,Rectangle_H,
2025-10-04T16:15:55,3,Rectangle_V,Rectangle_H,
2025-10-04T16:15:56,6,Uncertain,Rectangle_V,uncertain-flip
2025-10-04T16:15:56,6,Uncertain,Rectangle_V,uncertain-flip
2025-10-04T16:15:56,6,Uncertain,Rectangle_V,uncertain-flip
2025-10-04T16:15:56,6,Uncertain,Rectangle_V,uncertain-flip
2025-10-04T16:15:56,6,Uncertain,Rectangle_V,uncertain-flip
2025-10-04T16:15:56,6,Uncertain,Rectangle_V,uncertain-flip
2025-10-04T16:15:56,6,Uncertain,Rectangle_V,uncertain-flip
2025-10-04T16:15:56,6,Uncertain,Rectangle_V,uncertain-flip
2025-10-04T16:15:56,3,Uncertain,Rectangle_V,uncertain-flip
2025-10-04T16:15:56,3,Square,Rectangle_V,
2025-10-04T16:15:56,3,Square,Rectangle_V,
2025-10-04T16:15:57,3,Rectangle_H,Rectangle_V,
2025-10-04T16:15:57,6,Uncertain,Rectangle_V,uncertain-flip
2025-10-04T16:15:57,6,Rectangle_V,,
2025-10-04T16:15:57,6,Uncertain,Rectangle_V,uncertain-flip
2025-10-04T16:15:57,6,Uncertain,Rectangle_V,uncertain-flip
2025-10-04T16:15:57,6,Uncertain,Rectangle_V,uncertain-flip
2025-10-04T16:15:57,6,Uncertain,Rectangle_V,uncertain-flip
2025-10-04T16:15:58,6,Uncertain,Rectangle_V,uncertain-flip
2025-10-04T16:15:58,6,Uncertain,Rectangle_V,uncertain-flip
2025-10-04T16:15:58,6,Uncertain,Rectangle_V,uncertain-flip
2025-10-04T16:15:58,6,Uncertain,Rectangle_V,uncertain-flip
2025-10-04T16:15:59,6,Uncertain,Rectangle_V,uncertain-flip
2025-10-04T16:15:59,6,Uncertain,Rectangle_V,uncertain-flip
2025-10-04T16:15:59,6,Uncertain,Rectangle_V,uncertain-flip
2025-10-04T16:15:59,6,Uncertain,Rectangle_V,uncertain-flip
2025-10-04T16:15:59,6,Uncertain,,uncertain-flip
2025-10-04T16:16:00,6,Rectangle_V,Uncertain,uncertain-flip
2025-10-04T16:16:01,6,Rectangle_V,Uncertain,uncertain-flip
2025-10-04T16:16:02,6,Rectangle_V,Uncertain,uncertain-flip
2025-10-04T16:16:02,6,Rectangle_V,Uncertain,uncertain-flip
2025-10-04T16:16:02,6,Uncertain,Rectangle_V,uncertain-flip
2025-10-04T16:16:02,6,Rectangle_V,Uncertain,uncertain-flip
2025-10-04T16:16:02,6,Uncertain,Rectangle_V,uncertain-flip
2025-10-04T16:16:02,6,Rectangle_V,Uncertain,uncertain-flip
2025-10-04T16:16:03,6,Rectangle_V,Uncertain,uncertain-flip
2025-10-04T16:16:03,6,Rectangle_V,Uncertain,uncertain-flip
2025-10-04T16:16:03,6,Rectangle_V,Uncertain,uncertain-flip
2025-10-04T16:16:03,6,Uncertain,Rectangle_V,uncertain-flip
2025-10-04T16:16:04,6,Uncertain,Rectangle_V,uncertain-flip
2025-10-04T16:16:04,6,Uncertain,Rectangle_V,uncertain-flip
2025-10-04T16:16:04,6,Uncertain,Rectangle_V,uncertain-flip
2025-10-04T16:16:04,6,Uncertain,Rectangle_V,uncertain-flip
2025-10-04T16:16:04,6,Uncertain,Rectangle_V,uncertain-flip
2025-10-04T16:16:04,6,Uncertain,Rectangle_V,uncertain-flip
2025-10-04T16:16:04,6,Uncertain,Rectangle_V,uncertain-flip
2025-10-04T16:16:04,6,Uncertain,Rectangle_V,uncertain-flip
2025-10-04T16:16:04,6,Uncertain,Rectangle_V,uncertain-flip
2025-10-04T16:16:05,6,Uncertain,Rectangle_V,uncertain-flip
2025-10-04T16:16:05,6,Uncertain,Rectangle_V,uncertain-flip
2025-10-04T16:16:05,6,Uncertain,Rectangle_V,uncertain-flip
2025-10-04T16:16:05,6,Uncertain,Rectangle_V,uncertain-flip
2025-10-04T16:16:05,6,Uncertain,Rectangle_V,uncertain-flip
2025-10-04T16:16:05,6,Uncertain,Rectangle_V,uncertain-flip
2025-10-04T16:16:05,6,Uncertain,Rectangle_V,uncertain-flip
2025-10-04T16:16:05,6,Square,,
2025-10-04T16:16:07,6,Rectangle_V,Uncertain,uncertain-flip
2025-10-04T16:16:10,6,Rectangle_V,Uncertain,uncertain-flip
2025-10-04T16:16:10,11,Rectangle_V,Uncertain,uncertain-flip
2025-10-04T16:16:10,11,Uncertain,Rectangle_V,uncertain-flip
2025-10-04T16:16:11,11,Uncertain,Rectangle_V,uncertain-flip
2025-10-04T16:16:11,11,Uncertain,Rectangle_V,uncertain-flip
2025-10-04T16:16:11,11,Uncertain,Rectangle_V,uncertain-flip
2025-10-04T16:16:11,11,Uncertain,Rectangle_V,uncertain-flip
2025-10-04T16:16:11,11,Uncertain,Rectangle_V,uncertain-flip
2025-10-04T16:16:12,11,Rectangle_V,,
2025-10-04T16:16:13,6,Rectangle_V,Uncertain,uncertain-flip
2025-10-04T16:16:13,6,Rectangle_V,Uncertain,uncertain-flip
2025-10-04T16:16:13,6,Rectangle_V,Uncertain,uncertain-flip
2025-10-04T16:16:13,6,Rectangle_V,Uncertain,uncertain-flip
2025-10-04T16:16:13,6,Uncertain,Rectangle_V,uncertain-flip
2025-10-04T16:16:13,6,Uncertain,Rectangle_V,uncertain-flip
2025-10-04T16:16:13,6,Uncertain,Rectangle_V,uncertain-flip
2025-10-04T16:16:13,6,Uncertain,Rectangle_V,uncertain-flip
2025-10-04T16:16:14,6,Uncertain,Rectangle_V,uncertain-flip
2025-10-04T16:16:14,6,Uncertain,Rectangle_V,uncertain-flip
2025-10-04T16:16:14,6,Uncertain,Rectangle_V,uncertain-flip
2025-10-04T16:16:14,6,Rectangle_V,,
2025-10-04T16:16:14,6,Uncertain,Rectangle_V,uncertain-flip
2025-10-04T16:16:15,6,Uncertain,Rectangle_V,uncertain-flip
2025-10-04T16:16:15,6,Uncertain,Rectangle_V,uncertain-flip
2025-10-04T16:16:15,6,Uncertain,Rectangle_V,uncertain-flip
2025-10-04T16:16:15,6,Uncertain,Rectangle_V,uncertain-flip
2025-10-04T16:16:15,3,Uncertain,Rectangle_H,uncertain-flip
2025-10-04T16:16:15,6,Uncertain,Rectangle_V,uncertain-flip
2025-10-04T16:16:15,6,Uncertain,Rectangle_V,uncertain-flip
2025-10-04T16:16:15,6,Uncertain,Rectangle_V,uncertain-flip
2025-10-04T16:16:15,6,Uncertain,Rectangle_V,uncertain-flip
2025-10-04T16:16:15,6,Uncertain,Rectangle_V,uncertain-flip
2025-10-04T16:16:16,6,Uncertain,Rectangle_V,uncertain-flip
2025-10-04T16:16:16,6,Uncertain,Rectangle_V,uncertain-flip
2025-10-04T16:16:16,6,Uncertain,,uncertain-flip
2025-10-04T16:16:16,6,Uncertain,Rectangle_V,uncertain-flip
2025-10-04T16:16:16,6,Uncertain,Rectangle_V,uncertain-flip
2025-10-04T16:16:16,6,Uncertain,Rectangle_V,uncertain-flip
2025-10-04T16:16:17,3,Uncertain,Rectangle_H,uncertain-flip
2025-10-04T16:16:17,6,Uncertain,Rectangle_V,uncertain-flip
2025-10-04T16:16:17,6,Uncertain,Rectangle_V,uncertain-flip
2025-10-04T16:16:17,6,Uncertain,Rectangle_V,uncertain-flip
2025-10-04T16:16:17,6,Uncertain,Rectangle_V,uncertain-flip
2025-10-04T16:16:17,6,Uncertain,Rectangle_V,uncertain-flip
2025-10-04T16:16:17,6,Rectangle_V,,
2025-10-04T16:16:18,6,Uncertain,Rectangle_V,uncertain-flip
2025-10-04T16:16:18,6,Uncertain,Rectangle_V,uncertain-flip
2025-10-04T16:16:18,6,Uncertain,Rectangle_V,uncertain-flip
2025-10-04T16:16:18,6,Uncertain,Rectangle_V,uncertain-flip
2025-10-04T16:16:18,6,Uncertain,Rectangle_V,uncertain-flip
2025-10-04T16:16:18,6,Uncertain,Rectangle_V,uncertain-flip
2025-10-04T16:16:18,6,Uncertain,Rectangle_V,uncertain-flip
2025-10-04T16:16:19,6,Uncertain,Rectangle_V,uncertain-flip
2025-10-04T16:16:19,6,Uncertain,,uncertain-flip
2025-10-04T16:16:19,6,Uncertain,Rectangle_V,uncertain-flip
2025-10-04T16:16:19,6,Uncertain,Rectangle_V,uncertain-flip
2025-10-04T16:16:19,6,Uncertain,Rectangle_V,uncertain-flip
2025-10-04T16:16:20,6,Uncertain,Rectangle_V,uncertain-flip
2025-10-04T16:16:20,6,Rectangle_V,,
2025-10-04T16:16:21,3,Uncertain,Rectangle_H,uncertain-flip
2025-10-04T16:16:21,6,Uncertain,Rectangle_V,uncertain-flip
2025-10-04T16:16:21,6,Uncertain,Rectangle_V,uncertain-flip
2025-10-04T16:16:21,6,Uncertain,Rectangle_V,uncertain-flip
2025-10-04T16:16:21,6,Uncertain,Rectangle_V,uncertain-flip
2025-10-04T16:16:21,6,Uncertain,Rectangle_V,uncertain-flip
2025-10-04T16:16:21,6,Uncertain,Rectangle_V,uncertain-flip
2025-10-04T16:16:21,6,Uncertain,Rectangle_V,uncertain-flip
2025-10-04T16:16:22,6,Uncertain,Rectangle_V,uncertain-flip
2025-10-04T16:16:22,6,Uncertain,Rectangle_V,uncertain-flip
2025-10-04T16:16:22,3,Uncertain,Rectangle_H,uncertain-flip
2025-10-04T16:16:22,3,Uncertain,Rectangle_H,uncertain-flip
2025-10-04T16:16:22,6,Uncertain,Rectangle_V,uncertain-flip
2025-10-04T16:16:22,6,Uncertain,Rectangle_V,uncertain-flip
2025-10-04T16:16:22,6,Uncertain,Rectangle_V,uncertain-flip
2025-10-04T16:16:22,6,Uncertain,Rectangle_V,uncertain-flip
2025-10-04T16:16:22,3,Uncertain,Rectangle_H,uncertain-flip
2025-10-04T16:16:22,6,Rectangle_V,,
2025-10-04T16:16:22,6,Uncertain,Rectangle_V,uncertain-flip
2025-10-04T16:16:23,6,Uncertain,Rectangle_V,uncertain-flip
2025-10-04T16:16:23,6,Uncertain,Rectangle_V,uncertain-flip
2025-10-04T16:16:23,6,Uncertain,Rectangle_V,uncertain-flip
2025-10-04T16:16:23,6,Uncertain,Rectangle_V,uncertain-flip
2025-10-04T16:16:23,3,Rectangle_H,,
2025-10-04T16:16:23,6,Uncertain,Rectangle_V,uncertain-flip
2025-10-04T16:16:23,12,Square,Uncertain,uncertain-flip
2025-10-04T16:16:23,6,Uncertain,Rectangle_V,uncertain-flip
2025-10-04T16:16:23,6,Uncertain,Rectangle_V,uncertain-flip
2025-10-04T16:16:23,6,Uncertain,Rectangle_V,uncertain-flip
2025-10-04T16:16:24,12,Circle,Uncertain,uncertain-flip
2025-10-04T16:16:24,6,Uncertain,Rectangle_V,uncertain-flip
2025-10-04T16:16:24,12,Circle,Uncertain,uncertain-flip
2025-10-04T16:16:24,6,Uncertain,Rectangle_V,uncertain-flip
2025-10-04T16:16:24,6,Uncertain,Rectangle_V,uncertain-flip
2025-10-04T16:16:24,6,Rectangle_V,,
2025-10-04T16:16:24,6,Rectangle_V,Uncertain,uncertain-flip
2025-10-04T16:16:24,12,Uncertain,Circle,uncertain-flip
2025-10-04T16:16:24,6,Rectangle_V,Uncertain,uncertain-flip
2025-10-04T16:16:24,12,Uncertain,Circle,uncertain-flip
2025-10-04T16:16:24,12,Uncertain,Circle,uncertain-flip
2025-10-04T16:16:24,6,Uncertain,Rectangle_V,uncertain-flip
2025-10-04T16:16:24,6,Uncertain,Rectangle_V,uncertain-flip
2025-10-04T16:16:24,6,Uncertain,Rectangle_V,uncertain-flip
2025-10-04T16:16:24,6,Uncertain,Rectangle_V,uncertain-flip
2025-10-04T16:16:25,6,Uncertain,Rectangle_V,uncertain-flip
2025-10-04T16:16:25,12,Uncertain,Circle,uncertain-flip
2025-10-04T16:16:25,6,Uncertain,Rectangle_V,uncertain-flip
2025-10-04T16:16:25,12,Uncertain,Circle,uncertain-flip
2025-10-04T16:16:25,6,Uncertain,Rectangle_V,uncertain-flip
2025-10-04T16:16:25,12,Uncertain,Circle,uncertain-flip
2025-10-04T16:16:25,6,Uncertain,Rectangle_V,uncertain-flip
2025-10-04T16:16:25,6,Uncertain,Rectangle_V,uncertain-flip
2025-10-04T16:16:25,6,Uncertain,Rectangle_V,uncertain-flip
2025-10-04T16:16:25,6,Uncertain,Rectangle_V,uncertain-flip
2025-10-04T16:16:25,6,Uncertain,Rectangle_V,uncertain-flip
2025-10-04T16:16:25,6,Uncertain,Rectangle_V,uncertain-flip
2025-10-04T16:16:25,12,Uncertain,Circle,uncertain-flip
2025-10-04T16:16:25,6,Uncertain,Rectangle_V,uncertain-flip
2025-10-04T16:16:25,12,Uncertain,Circle,uncertain-flip
2025-10-04T16:16:25,6,Uncertain,Rectangle_V,uncertain-flip
2025-10-04T16:16:25,6,Rectangle_V,,
2025-10-04T16:16:26,6,Rectangle_V,Uncertain,uncertain-flip
2025-10-04T16:16:26,6,Rectangle_V,Uncertain,uncertain-flip
2025-10-04T16:16:26,12,Uncertain,Circle,uncertain-flip
2025-10-04T16:16:26,6,Uncertain,Rectangle_V,uncertain-flip
2025-10-04T16:16:26,12,Uncertain,Circle,uncertain-flip
2025-10-04T16:16:26,12,Uncertain,Circle,uncertain-flip
2025-10-04T16:16:26,12,Uncertain,Circle,uncertain-flip
2025-10-04T16:16:26,6,Rectangle_V,Uncertain,uncertain-flip
2025-10-04T16:16:26,6,Rectangle_V,Uncertain,uncertain-flip
2025-10-04T16:16:26,12,Uncertain,Circle,uncertain-flip
2025-10-04T16:16:27,12,Uncertain,Circle,uncertain-flip
2025-10-04T16:16:27,12,Uncertain,Circle,uncertain-flip
2025-10-04T16:16:27,12,Uncertain,Circle,uncertain-flip
2025-10-04T16:16:27,6,Rectangle_V,Uncertain,uncertain-flip
2025-10-04T16:16:27,12,Uncertain,Circle,uncertain-flip
2025-10-04T16:16:27,6,Rectangle_V,Uncertain,uncertain-flip
2025-10-04T16:16:27,12,Uncertain,Circle,uncertain-flip
2025-10-04T16:16:28,12,Uncertain,,uncertain-flip
2025-10-04T16:16:28,6,Rectangle_V,Uncertain,uncertain-flip
2025-10-04T16:16:28,6,Rectangle_V,Uncertain,uncertain-flip
2025-10-04T16:16:28,6,Rectangle_V,Uncertain,uncertain-flip
2025-10-04T16:16:29,6,Rectangle_V,Uncertain,uncertain-flip
2025-10-04T16:16:29,6,Rectangle_V,Uncertain,uncertain-flip
2025-10-04T16:16:29,6,Rectangle_V,Uncertain,uncertain-flip
2025-10-04T16:16:29,6,Uncertain,Rectangle_V,uncertain-flip
2025-10-04T16:16:30,6,Uncertain,Rectangle_V,uncertain-flip
2025-10-04T16:16:30,6,Uncertain,Rectangle_V,uncertain-flip
2025-10-04T16:16:30,6,Uncertain,Rectangle_V,uncertain-flip
